0,T,594,594
0,T,594.001,595
0,C,600,602
0,C,2064,2067
0,T,2064.001,2068
1,T,594,594
1,T,594.001,595
1,C,600,602
1,A,2611,2614
1,A,2611.001,2615
2,T,594,594
2,T,594.001,595
2,C,600,602
2,A,1785,1788
2,C,1785.001,1789
2,A,1785.002,1790
2,T,1786,1792
2,T,1789,1796
2,T,1789.001,1797
2,C,1789.002,1798
2,A,1791,1801
2,T,1791.001,1802
2,C,2064,2076
2,T,2064.001,2077
3,T,594,594
3,T,594.001,595
3,C,600,602
3,C,1289,1292
3,A,1290,1294
3,C,1290.001,1295
3,A,1290.002,1296
3,T,1291,1298
3,C,1291.001,1299
3,T,1291.002,1300
3,T,1291.003,1301
3,T,1291.004,1302
3,C,2064,2076
3,T,2064.001,2077
3,C,3188,3202
4,T,594,594
4,T,594.001,595
4,C,600,602
4,T,1297,1300
4,T,1297.001,1301
4,T,1297.002,1302
4,C,1298,1304
4,T,1299,1306
4,T,1299.001,1307
4,C,1299.002,1308
4,A,1300,1310
4,A,1300.001,1311
4,C,2064,2076
4,T,2064.001,2077
4,A,2611,2625
4,A,2611.001,2626
5,T,594,594
5,T,594.001,595
5,C,600,602
6,T,594,594
6,T,594.001,595
6,C,600,602
6,A,1785,1788
6,C,1785.001,1789
6,A,1785.002,1790
6,T,1786,1792
6,T,1789,1796
6,T,1789.001,1797
6,C,1789.002,1798
6,A,1791,1801
6,T,1791.001,1802
6,C,2064,2076
6,T,2064.001,2077
6,T,2775,2789
7,C,600,600
7,C,2064,2065
7,T,2064.001,2066
7,A,2611,2614
7,A,2611.001,2615
7,C,3188,3193
8,T,594,594
8,T,594.001,595
8,C,600,602
8,C,2064,2067
8,T,2064.001,2068
8,A,2611,2616
8,A,2611.001,2617
8,T,2775,2782
9,T,594,594
9,T,594.001,595
9,C,600,602
9,C,2064,2067
9,T,2064.001,2068
9,C,3188,3193
10,C,1289,1289
10,A,1290,1291
10,C,1290.001,1292
10,A,1290.002,1293
10,T,1291,1295
10,C,1291.001,1296
10,T,1291.002,1297
10,T,1291.003,1298
10,T,1291.004,1299
10,C,2064,2073
10,T,2064.001,2074
10,C,3188,3199
11,T,594,594
11,T,594.001,595
11,C,600,602
11,G,728,731
11,G,729,733
11,A,730,735
11,C,1289,1295
11,A,1290,1297
11,C,1290.001,1298
11,A,1290.002,1299
11,T,1291,1301
11,C,1291.001,1302
11,T,1291.002,1303
11,T,1291.003,1304
11,T,1291.004,1305
11,A,1785,1800
11,C,1785.001,1801
11,A,1785.002,1802
11,T,1786,1804
11,T,1789,1808
11,C,1790,1810
11,A,1790.001,1811
11,A,1791,1813
11,C,1791.001,1814
11,C,2064,2088
11,T,2064.001,2089
11,A,2611,2637
11,A,2611.001,2638
11,C,3188,3216
12,T,594,594
12,T,594.001,595
12,C,600,602
12,T,1732,1735
12,A,1785,1789
12,C,1785.001,1790
12,A,1785.002,1791
12,T,1786,1793
12,T,1789,1797
12,T,1789.001,1798
12,C,1789.002,1799
12,A,1791,1802
12,T,1791.001,1803
12,C,2064,2077
12,T,2064.001,2078
12,C,3188,3203
13,T,594,594
13,T,594.001,595
13,C,600,602
13,A,1785,1788
13,C,1785.001,1789
13,A,1785.002,1790
13,T,1786,1792
13,T,1789,1796
13,T,1789.001,1797
13,C,1789.002,1798
13,A,1791,1801
13,T,1791.001,1802
13,C,2064,2076
13,T,2064.001,2077
14,T,594,594
14,T,594.001,595
14,C,600,602
14,C,1289,1292
14,A,1290,1294
14,C,1290.001,1295
14,A,1290.002,1296
14,T,1291,1298
14,C,1291.001,1299
14,T,1291.002,1300
14,T,1291.003,1301
14,T,1291.004,1302
14,C,2064,2076
14,T,2064.001,2077
14,C,3188,3202
15,T,594,594
15,T,594.001,595
15,C,600,602
15,C,1289,1292
15,A,1290,1294
15,C,1290.001,1295
15,A,1290.002,1296
15,T,1291,1298
15,C,1291.001,1299
15,T,1291.002,1300
15,T,1291.003,1301
15,T,1291.004,1302
15,C,2064,2076
15,T,2064.001,2077
15,C,3188,3202
16,T,594,594
16,T,594.001,595
16,C,600,602
16,C,1289,1292
16,A,1290,1294
16,C,1290.001,1295
16,A,1290.002,1296
16,T,1291,1298
16,C,1291.001,1299
16,T,1291.002,1300
16,T,1291.003,1301
16,T,1291.004,1302
16,C,2064,2076
16,T,2064.001,2077
16,C,3188,3202
17,T,594,594
17,T,594.001,595
17,C,600,602
17,C,1289,1292
17,A,1290,1294
17,C,1290.001,1295
17,A,1290.002,1296
17,T,1291,1298
17,C,1291.001,1299
17,T,1291.002,1300
17,T,1291.003,1301
17,T,1291.004,1302
18,T,594,594
18,T,594.001,595
18,C,600,602
18,T,1732,1735
18,C,2064,2068
18,T,2064.001,2069
18,A,2611,2617
18,A,2611.001,2618
19,T,594,594
19,T,594.001,595
19,C,600,602
19,T,1732,1735
19,C,2064,2068
19,T,2064.001,2069
19,C,3188,3194
20,T,594,594
20,T,594.001,595
20,C,600,602
20,C,2064,2067
20,T,2064.001,2068
20,C,3188,3193
21,T,594,594
21,T,594.001,595
21,C,1289,1291
21,A,1290,1293
21,C,1290.001,1294
21,A,1290.002,1295
21,T,1291,1297
21,C,1291.001,1298
21,T,1291.002,1299
21,T,1291.003,1300
21,T,1291.004,1301
21,C,2064,2075
21,T,2064.001,2076
22,T,594,594
22,T,594.001,595
22,C,600,602
22,C,2064,2067
22,T,2064.001,2068
22,T,2775,2780
22,C,3188,3194
23,T,594,594
23,T,594.001,595
23,C,600,602
23,G,728,731
23,G,729,733
23,A,730,735
23,C,1289,1295
23,A,1290,1297
23,C,1290.001,1298
23,A,1290.002,1299
23,T,1291,1301
23,C,1291.001,1302
23,T,1291.002,1303
23,T,1291.003,1304
23,T,1291.004,1305
23,A,1785,1800
23,C,1785.001,1801
23,A,1785.002,1802
23,T,1786,1804
23,T,1789,1808
23,T,1789.001,1809
23,C,1789.002,1810
23,A,1791,1813
23,T,1791.001,1814
23,C,2064,2088
23,T,2064.001,2089
23,C,3188,3214
24,T,594,594
24,T,594.001,595
24,C,600,602
24,C,2064,2067
24,T,2064.001,2068
25,T,594,594
25,T,594.001,595
25,C,600,602
25,T,1732,1735
25,C,2064,2068
25,T,2064.001,2069
25,A,2611,2617
25,A,2611.001,2618
25,C,3188,3196
26,T,594,594
26,T,594.001,595
26,C,600,602
26,C,2064,2067
26,T,2064.001,2068
26,A,2611,2616
26,A,2611.001,2617
27,T,594,594
27,T,594.001,595
27,C,600,602
27,C,2064,2067
27,T,2064.001,2068
27,A,2611,2616
27,A,2611.001,2617
28,T,594,594
28,T,594.001,595
28,C,600,602
28,C,2064,2067
28,T,2064.001,2068
29,T,594,594
29,T,594.001,595
29,C,600,602
29,C,1289,1292
29,A,1290,1294
29,C,1290.001,1295
29,A,1290.002,1296
29,T,1291,1298
29,C,1291.001,1299
29,T,1291.002,1300
29,T,1291.003,1301
29,T,1291.004,1302
29,T,1732,1744
29,C,2064,2077
29,T,2064.001,2078
30,T,594,594
30,T,594.001,595
30,C,600,602
30,G,728,731
30,G,729,733
30,A,730,735
30,C,2064,2070
30,T,2064.001,2071
30,C,3188,3196
31,T,594,594
31,T,594.001,595
31,C,600,602
31,A,1785,1788
31,C,1785.001,1789
31,A,1785.002,1790
31,T,1786,1792
31,T,1789,1796
31,C,1790,1798
31,A,1790.001,1799
31,A,1791,1801
31,T,1791.001,1802
31,C,2064,2076
31,T,2064.001,2077
31,A,2611,2625
31,A,2611.001,2626
31,C,3188,3204
32,T,594,594
32,T,594.001,595
32,C,600,602
32,A,1785,1788
32,C,1785.001,1789
32,A,1785.002,1790
32,T,1786,1792
32,T,1789,1796
32,C,1790,1798
32,A,1790.001,1799
32,A,1791,1801
32,T,1791.001,1802
32,C,2064,2076
32,T,2064.001,2077
33,T,594,594
33,T,594.001,595
33,C,600,602
33,C,2064,2067
33,T,2064.001,2068
34,T,594,594
34,T,594.001,595
34,C,600,602
34,C,1289,1292
34,A,1290,1294
34,C,1290.001,1295
34,A,1290.002,1296
34,T,1291,1298
34,C,1291.001,1299
34,T,1291.002,1300
34,T,1291.003,1301
34,T,1291.004,1302
34,A,1785,1797
34,C,1785.001,1798
34,A,1785.002,1799
34,T,1786,1801
34,T,1789,1805
34,C,1790,1807
34,A,1790.001,1808
34,A,1791,1810
34,C,1791.001,1811
34,C,2064,2085
34,T,2064.001,2086
35,T,594,594
35,T,594.001,595
35,C,600,602
35,C,1289,1292
35,A,1290,1294
35,C,1290.001,1295
35,A,1290.002,1296
35,T,1291,1298
35,C,1291.001,1299
35,T,1291.002,1300
35,T,1291.003,1301
35,T,1291.004,1302
35,C,2064,2076
35,T,2064.001,2077
35,C,3188,3202
36,T,594,594
36,T,594.001,595
36,C,600,602
36,C,2064,2067
36,T,2064.001,2068
36,C,3188,3193
37,T,594,594
37,T,594.001,595
37,C,600,602
37,C,1289,1292
37,A,1290,1294
37,C,1290.001,1295
37,A,1290.002,1296
37,T,1291,1298
37,C,1291.001,1299
37,T,1291.002,1300
37,T,1291.003,1301
37,T,1291.004,1302
37,C,2064,2076
37,T,2064.001,2077
37,A,2611,2625
37,A,2611.001,2626
37,T,2775,2791
37,C,3188,3205
38,T,594,594
38,T,594.001,595
38,C,600,602
38,C,1289,1292
38,A,1290,1294
38,C,1290.001,1295
38,A,1290.002,1296
38,T,1291,1298
38,C,1291.001,1299
38,T,1291.002,1300
38,T,1291.003,1301
38,T,1291.004,1302
38,T,1732,1744
38,A,1785,1798
38,C,1785.001,1799
38,A,1785.002,1800
38,T,1786,1802
38,T,1789,1806
38,C,1790,1808
38,A,1790.001,1809
38,A,1791,1811
38,T,1791.001,1812
38,C,2064,2086
38,T,2064.001,2087
39,C,2064,2064
39,T,2064.001,2065
39,A,2611,2613
39,A,2611.001,2614
40,T,594,594
40,T,594.001,595
40,C,600,602
40,C,1289,1292
40,A,1290,1294
40,C,1290.001,1295
40,A,1290.002,1296
40,T,1291,1298
40,C,1291.001,1299
40,T,1291.002,1300
40,T,1291.003,1301
40,T,1291.004,1302
40,A,1785,1797
40,C,1785.001,1798
40,A,1785.002,1799
40,T,1786,1801
40,T,1789,1805
40,C,1790,1807
40,A,1790.001,1808
40,T,1794,1813
40,A,1795,1815
40,C,2064,2085
40,T,2064.001,2086
40,T,2775,2798
40,C,3188,3212
41,T,594,594
41,T,594.001,595
41,C,600,602
42,T,594,594
42,T,594.001,595
42,C,600,602
42,G,728,731
42,G,729,733
42,A,730,735
42,C,2064,2070
42,T,2064.001,2071
43,T,594,594
43,T,594.001,595
43,C,600,602
44,T,594,594
44,T,594.001,595
44,C,600,602
44,C,2064,2067
44,T,2064.001,2068
44,A,2611,2616
44,A,2611.001,2617
44,C,3188,3195
45,T,594,594
45,T,594.001,595
45,C,600,602
45,G,728,731
45,G,729,733
45,A,730,735
45,A,1785,1791
45,C,1785.001,1792
45,A,1785.002,1793
45,T,1786,1795
45,T,1789,1799
45,T,1789.001,1800
45,C,1789.002,1801
45,A,1791,1804
45,T,1791.001,1805
45,C,2064,2079
45,T,2064.001,2080
45,A,2611,2628
45,A,2611.001,2629
45,C,3188,3207
46,T,594,594
46,T,594.001,595
46,C,600,602
46,A,1785,1788
46,C,1785.001,1789
46,A,1785.002,1790
46,T,1786,1792
46,T,1789,1796
46,C,1790,1798
46,A,1790.001,1799
46,A,1791,1801
46,C,1791.001,1802
46,C,2064,2076
46,T,2064.001,2077
47,T,594,594
47,T,594.001,595
47,C,600,602
47,G,728,731
47,G,729,733
47,A,730,735
47,A,1785,1791
47,C,1785.001,1792
47,A,1785.002,1793
47,T,1786,1795
47,T,1789,1799
47,T,1789.001,1800
47,C,1789.002,1801
47,A,1791,1804
47,T,1791.001,1805
47,C,2064,2079
47,T,2064.001,2080
47,C,3188,3205
48,T,594,594
48,T,594.001,595
48,C,600,602
48,C,1289,1292
48,A,1290,1294
48,C,1290.001,1295
48,A,1290.002,1296
48,T,1291,1298
48,C,1291.001,1299
48,T,1291.002,1300
48,T,1291.003,1301
48,T,1291.004,1302
48,C,2064,2076
48,T,2064.001,2077
48,C,3188,3202
49,T,594,594
49,T,594.001,595
49,C,600,602
49,C,1289,1292
49,A,1290,1294
49,C,1290.001,1295
49,A,1290.002,1296
49,T,1291,1298
49,C,1291.001,1299
49,T,1291.002,1300
49,T,1291.003,1301
49,T,1291.004,1302
49,A,1785,1797
49,C,1785.001,1798
49,A,1785.002,1799
49,T,1786,1801
49,T,1789,1805
49,C,1790,1807
49,A,1790.001,1808
49,T,1794,1813
49,A,1795,1815
49,C,2064,2085
49,T,2064.001,2086
49,C,3188,3211
